8.6- Importaciones según país de origen de las mercancías  por  países seleccionados y áreas geográficas,,,,,,,,,,,,,,,,,,,,,,,,,,,,,,,,,,,,,,
,,,,,,,,,,,,,,,,,,,                                         ,,,,,,,,,,,,,,,,,,                Miles de pesos,                Miles de pesos
,,,,,,,,,,,,,,,,,,,,,,,,,,,,,,,,,,,,,,
,,,,,,,,,,,,,,,,,,,,,,,,,,,,,,,,,,,,,,
PAÍSES SELECCIONADOS,1985 ,1986 ,1987 ,1988 ,1989 ,1990 ,1991 ,1992 ,1993 ,1994 ,1995 ,1996,1997,1998,1999,2000,2001,2002,2003,2004,2005,2006,2007,2008,2009,2010,2011,2012,2013,2014,2015,2016,2017,2018,2019,2020,2021,2022
,,,,,,,,,,,,,,,,,,,,,,,,,,,,,,,,,,,,,,
,,,,,,,,,,,,,,,,,,,,,,,,,,,,,,,,,,,,,,
 Total,8.034.976,7.596.136,7.583.678,7.602.894,8.139.811,7.416.525,4.233.752,2.314.916,2.008.215,2.016.821,2.882.530,3.568.997,3.987.256,4.181.192,4.349.090,4.795.613,4.793.235,4.188.148,4.672.763,5.615.198,7.604.259,9.497.890,10.079.210,14.234.094,8.906.010,10.644.338,13.952.403,13.800.851,14.706.619,13.036.844,11.702.367,10.269.904,10.171.982,11.483.653,9.901.427,7.230.347,8.431.207,9.833.119
  Europa,7.131.232,6.858.001,7.019.527,6.935.247,7.229.224,6.488.109,3.487.064,1.374.372,831.590,872.719,1.101.279,1.353.088,1.495.950,1.751.332,1.764.144,1.819.106,1.679.594,1.464.868,1.575.904,1.554.480,1.914.282,2.636.951,2.659.403,3.169.106,2.040.790,2.158.165,2.830.411,2.954.128,3.365.365,2.869.785,3.095.617,2.979.262,3.249.105,3.514.798,3.592.183,2.699.325,3.155.889,3.510.736
"    Alemania, República Federal de",364.070,395.073,391.301,397.747,436.016,373.183,111.860,68.009,47.908,37.372,52.037,52.291,85.687,78.140,75.967,77.841,98.731,82.377,119.288,133.098,312.047,618.463,371.730,377.617,279.541,269.417,286.259,311.463,343.955,322.852,360.144,330.854,305.346,352.183,293.940,258.612,195.489,258.761
    Andorra,-,-,-,687,1.251,224,-,-,-,-,13,                 -,                 -,23,                 -,                 -,                 -,5,-,-,-,-,-,-,-,-,-,-,-,-,-,-,-,-,-,-,-,-
    Austria,30.876,40.419,26.030,31.077,21.767,16.561,17.228,11.498,3.972,9.576,7.573,1.392,3.785,4.357,3.172,9.096,4.022,4.157,5.785,6.236,7.136,9.424,11.170,12.021,17.681,25.599,16.092,16.947,23.606,14.299,15.353,13.657,17.031,41.640,18.201,19.790,8.691,10.992
    Bélgica,11.401,17.259,4.760,12.988,10.050,12.559,5.915,5.340,8.913,5.047,11.005,32.130,27.980,39.973,34.436,36.851,21.784,23.301,34.543,33.194,42.448,39.236,38.105,59.382,35.743,44.916,61.955,65.994,79.473,78.962,92.672,71.904,97.722,92.116,175.081,67.076,58.683,56.160
    Bielorusia,-,-,-,-,-,-,-,4.334,5.301,1.638,-,3.676,2.455,3.326,613,488,1.489,191,578,2.032,1.827,2.709,5.095,22.213,4.297,17.517,15.527,58.665,20.371,15.602,25.479,25.628,28.495,15.385,11.085,3.099,7.657,12.792
    Bulgaria,192.110,190.954,183.980,169.926,178.547,98.000,26.544,1.944,3.364,1.873,12.748,8.548,11.454,21.989,10.927,1.774,4.217,5.529,751,592,1.335,16.974,10.908,27.632,22.556,14.678,16.635,19.839,12.725,3.157,9.246,4.952,1.975,7.788,5.172,1.775,1.006,1.475
Croacia,,,,,,,,,,,,,,,,,,,,,,,,911,1.535,449,1.114,1.616,1.276,603,566,1.023,376,701,701,619,60,155
    Dinamarca ,6.449,6.397,4.966,4.479,5.905,11.261,10.484,3.410,2.296,2.507,4.494,4.303,5.001,7.276,6.476,10.210,9.412,8.370,16.710,15.502,11.002,18.008,16.859,20.303,20.987,19.106,19.928,29.825,26.495,28.092,23.087,23.550,21.601,23.014,26.101,30.091,18.033,8.280
    España ,176.889,147.437,165.405,146.139,184.872,180.596,151.758,128.670,184.048,225.776,353.014,458.149,497.013,608.210,721.771,743.155,693.758,580.442,594.707,644.928,667.886,859.625,982.305,1.232.473,752.393,785.376,1.019.560,1.006.294,1.226.735,1.025.134,1.187.061,1.133.902,1.101.869,1.210.222,1.115.500,843.640,841.881,1.013.643
    Federación Rusa,5.418.944,5.337.649,5.445.979,5.376.308,5.523.800,5.114.386,2.717.574,534.470,86.303,41.841,56.838,159.114,112.103,134.881,124.545,111.300,81.729,74.535,59.064,74.733,137.298,152.056,291.788,268.745,195.445,227.220,224.366,251.674,183.238,137.610,131.885,191.168,414.054,440.416,528.426,320.189,627.961,843.906
    Finlandia,504,2.836,1.958,5.001,10.041,3.267,1.764,295,558,880,814,538,1.273,3.662,1.978,3.205,3.861,2.731,1.905,5.968,…,…,…,…,…,…,…,…,…,…,…,…,…,…,…,…,…,…
    Francia,93.943,54.434,48.082,27.201,35.218,55.387,67.200,139.284,176.926,214.770,210.685,198.700,270.109,318.381,276.337,289.876,270.596,213.266,186.530,150.403,168.581,198.247,166.659,226.737,140.432,189.629,343.975,359.705,411.529,277.428,225.527,226.358,274.257,351.126,289.872,185.908,256.575,155.620
    Grecia ,-,-,-,-,-,-,-,-,-,-,-,                 -,902,451,1.123,187,918,240,1.003,726,1.284,3.478,2.630,884,947,332,10.186,734,1.410,1.370,1.357,11.269,14.471,21.930,9.461,5.788,4.148,2.778
    Países Bajos,25.022,22.266,18.393,13.999,22.517,20.356,19.165,34.329,31.452,41.723,111.363,105.806,94.017,79.131,71.539,85.668,66.961,64.325,66.407,48.898,48.274,67.932,91.085,97.609,68.148,61.262,72.978,94.206,87.174,107.444,136.817,136.056,136.427,111.776,282.736,306.759,451.297,510.827
    Hungría,168.048,102.176,72.436,81.715,80.819,31.177,12.640,10.516,3.132,1.904,8,89,1.296,2.452,1.664,1.600,1.450,1.352,1.375,896,844,992,1.923,2.810,1.907,798,1.498,3.419,2.725,2.610,2.435,3.361,2.755,3.512,5.805,5.481,1.836,7.676
    Irlanda ,-,-,-,-,2,-,-,-,-,-,88,388,1.124,2.769,671,2.560,2.208,948,1.282,3.503,4.209,1.336,2.693,1.889,2.012,2.416,2.463,7.182,7.900,2.661,11.165,9.233,2.222,2.402,1.960,881,398,503
    Italia,43.169,54.892,45.825,75.850,63.612,92.570,103.857,59.105,112.123,110.969,103.604,139.751,231.915,253.203,264.063,296.602,298.007,283.939,334.878,272.524,293.302,417.093,391.063,488.408,324.479,292.133,387.799,380.512,460.304,391.624,428.585,413.820,388.304,395.454,390.122,285.925,446.081,296.922
    Letonia,-,-,-,-,-,-,-,2.458,72,12,-,6.487,3,23,-,-,31,32,898,41,…,…,…,…,…,…,…,…,…,…,…,…,…,…,…,…,…,…
    Liechtenstein,37,17,42,25,49,129,-,1,2,8,28,21,11,10,19,23,61,66,57,29,…,…,…,…,…,…,…,…,…,…,…,…,…,…,…,…,…,…
    Luxemburgo,234,255,-,-,-,-,-,296,-,-,-,134,1,21,7,79,118,1.478,1.271,8,…,…,…,…,…,…,…,…,…,…,…,…,…,…,…,…,…,…
    Noruega,426,328,219,337,472,526,146,4.892,5,4.454,21.087,434,421,1.336,863,1.179,1.185,1.669,1.105,1.164,1.355,3.487,1.044,1.006, ,6.841,7.889,4.747,4.025,5.521,7.315,1.377,3.007,14.290,5.245,5.149,14.747,3.140
    Polonia,75.802,60.230,81.481,65.954,57.880,44.632,4.278,4.494,3.909,983,540,13.054,16.431,9.919,6.941,2.499,4.501,10.240,23.729,9.466,18.168,14.674,15.461,15.371,17.571,15.872,18.814,25.855,18.695,45.230,56.957,80.213,59.070,33.214,105.549,103.783,23.992,25.661
    Portugal ,2.184,5.677,902,600,923,812,4.203,3.264,831,1.736,12.840,3.143,7.067,6.800,8.365,10.052,9.291,5.564,4.346,5.836,10.101,10.917,12.402,22.966,13.973,13.893,29.653,57.447,41.329,38.599,52.360,65.017,63.091,63.424,59.842,46.291,40.407,51.943
    Reino Unido ,105.078,78.888,70.195,59.746,82.085,73.852,63.775,132.355,69.992,93.840,59.323,42.148,30.802,54.022,41.193,56.864,24.739,31.279,22.158,27.122,29.110,45.026,56.324,49.293,32.313,49.676,79.892,61.450,66.914,65.011,56.300,52.395,50.884,40.839,42.213,36.134,24.625,116.805
    República Checa,197.194,177.997,200.134,215.289,216.132,198.235,83.133,5.276,3.571,5.425,5.853,17.767,13.251,29.696,25.128,10.691,9.898,14.841,14.238,22.482,26.572,41.686,34.557,64.340,17.569,21.945,59.720,51.049,36.498,35.039,50.910,41.509,62.543,51.558,66.943,16.401,17.844,14.867
    República Eslovaca,-,-,-,-,-,-,-,-,4.006,1.777,1.590,9.538,4.982,9.009,8.799,6.108,3.238,2.229,8.081,26.647,26.834,11.504,35.191,10.402,11.095,19.365,20.780,11.544,10.557,14.688,14.834,12.312,25.790,51.002,25.310,6.921,10.840,8.899
    Rumania,133.354,85.940,182.112,183.903,158.919,103.784,9.061,-,220,5.199,29.001,31.705,20.713,8.366,7.860,6.639,2.817,3.919,621,1.056,…,…,…,…,…,…,…,…,…,…,…,…,…,…,…,…,…,…
    Suecia,23.789,20.500,13.547,11.985,14.031,11.176,12.439,9.472,8.627,5.868,15.136,10.184,31.082,17.764,22.980,20.273,31.489,19.525,30.922,36.284,36.592,38.945,48.317,61.600,32.307,31.519,42.308,40.122,57.619,37.360,73.449,47.839,40.742,73.890,64.328,104.160,57.974,47.126
    Suiza,22.655,23.572,36.731,31.884,50.085,30.906,55.223,209.373,40.807,24.133,22.032,25.321,9.131,11.334,9.886,8.416,20.562,12.577,16.614,19.069,19.969,27.070,35.234,30.786,21.811,21.313,20.836,28.640,27.936,32.928,52.225,32.411,41.496,35.284,27.135,16.628,18.864,26.156
    Ucrania,-,-,-,-,-,-,-,610,4.796,1.914,3.987,2.607,13.350,39.093,32.776,22.836,10.526,13.302,18.298,8.521,25.812,23.456,22.543,59.158,16.919,13.090,43.549,36.669,166.829,114.947,48.785,9.169,12.791,19.809,11.174,6.748,6.461,4.837
    Yugoslavia,34.958,26.938,18.883,17.276,63.607,9.600,7.569,677,11,-,541,5.514,1,10,-,5,20,42,4,-,-,-,-,-,-,-,-,-,-,-,-,-,-,-,-,-,-,-
    Otros,4.096,5.867,6.166,5.131,10.624,4.930,1.248,-,28.445,31.494,5.037,20.156,2.590,5.705,4.045,3.029,1.975,2.397,8.756,3.522,22.296,14.613,14.317,14.550,6.721,13.803,26.635,28.530,46.047,71.014,31.105,40.286,82.787,61.824,30.284,21.481,20.340,30.813
 Asia,491.959,415.410,239.302,294.415,365.473,428.619,334.083,348.215,267.826,229.891,303.489,379.976,516.378,686.059,777.875,783.975,887.414,826.404,931.243,1.100.983,1.600.100,2.310.271,2.568.649,2.876.359,1.841.703,1.831.915,2.023.957,1.785.589,2.126.619,1.928.090,2.969.537,2.994.685,2.334.666,2.389.350,2.009.406,1.554.013,1.691.740,2.003.501
  Arabia Saudita,-,-,-,-,-,-,-,-,-,-,-,5,21,27.443,15,265,193,89,13.046,42,…,…,…,…,…,…,…,…,…,…,…,…,…,,,,,
"  China, República Popular",227.876,121.694,100.750,175.642,260.193,334.426,270.367,257.148,201.631,134.741,170.771,154.540,248.293,336.496,432.241,443.769,548.494,518.246,506.165,590.289,891.441,1.571.130,1.518.084,1.480.791,1.171.205,1.223.245,1.281.415,1.236.840,1.533.699,1.334.219,2.331.120,2.328.160,1.659.428,1.544.405,1.228.468,963.339,972.057,1.146.502
  Chipre,,,,,,,,,,,,,,,,,,,,,3.430,44,383,172,640,520,103,0,93,1,106,95,-,221,-,65,20,25
"  Corea, República Popular Democrática de",12.661,9.079,12.053,7.649,19.653,17.211,14.277,14.221,748,5.503,4.565,6.875,12.986,10.992,9.019,9.990,2.279,1.815,6.346,13.639,2.859,3.056,5.382,4.409,4.628,4.888,4.556,5.451,7.381,7.080,5.393,7.384,423,668,973,212,318,1.920
  Corea del Sur,…,…,…,…,…,…,…,…,…,…,…,…,…,…,…,…,…,…,…,…,83.391,181.375,331.747,429.986,111.858,94.455,128.814,110.185,97.781,88.250,63.287,65.087,103.838,118.698,143.596,65.218,61.115,92.116
  Emiratos Árabes Unidos,…,…,…,…,…,…,…,…,…,…,…,…,…,…,…,…,…,…,…,…,261,916,580,968,1.709,1.287,3.062,1.958,3.541,1.667,2.808,2.237,3.829,3.209,2.523,1.598,22.660,3.732
  Filipinas,…,…,…,…,…,…,…,…,…,…,…,…,…,…,…,…,…,…,…,…,2.319,1.039,2.073,3.984,968,1.188,5.008,633,4.324,926,1.742,1.135,1.252,1.718,1.169,615,606,679
  Hong Kong,3.299,2.486,290,-,70,-,-,-,-,-,3.970,14.333,30.143,39.405,34.887,25.373,16.924,14.175,15.600,7.051,…,…,…,…,…,…,…,…,…,…,…,…,…,…,…,…,…,…
  India,2.975,1.682,1.255,9.837,12.028,13.425,3.148,3.181,1.145,51,210,1.318,3.843,7.236,8.480,8.866,8.931,9.843,10.800,15.368,18.606,22.087,33.720,61.702,50.688,52.642,63.518,62.306,67.359,62.436,90.826,68.815,73.774,90.593,99.980,87.911,78.703,70.217
  Indonesia,…,…,…,…,…,…,…,…,…,…,…,…,…,…,…,…,…,…,…,…,6.642,41.892,17.250,24.407,16.942,23.001,27.968,23.425,31.522,13.785,20.819,25.430,15.302,24.010,17.602,11.707,24.899,20.498
  Irak,2.329,-,-,-,-,-,-,-,-,-,-,-,-,-,-,-,-,-,-,6,-,-,-,-,-,-,-,-,-,-,-,-,-,-,-,-,-,-
  Irán,-,-,-,-,-,-,-,16.234,-,-,-,10,71,3.345,324,513,1.408,1.578,1.881,2.651,-,-,-,-,-,-,-,-,-,-,-,-,-,-,-,-,-,-
  Israel,-,-,-,-,-,-,-,-,256,348,1.577,7.298,13.657,15.080,26.121,23.751,24.395,18.403,19.960,20.841,20.795,23.079,20.714,22.634,15.779,16.329,25.888,20.336,28.241,18.835,24.064,18.125,11.622,6.368,15.785,4.192,2.291,1.537
  Japón,219.201,264.563,106.503,88.564,50.759,44.502,41.221,9.357,8.435,9.296,24.317,36.849,62.229,76.474,76.125,83.078,80.725,69.218,111.407,159.866,247.057,174.875,224.428,153.304,88.510,77.926,78.854,54.478,71.399,72.604,79.842,87.344,75.075,85.194,73.177,40.396,31.105,51.231
  Kazajstán,-,-,-,-,-,-,-,-,-,-,-,-,76,3.082,1.337,4.676,277,471,1.126,5.724,-,-,-,-,-,-,-,-,-,-,-,-,-,-,-,-,-,-
  Kirquizistán,-,-,-,-,-,-,-,-,-,1,-,-,11,11,59,26,-,-,1,-,-,-,-,-,-,-,-,-,-,-,-,-,-,-,-,-,-,-
  Líbano,-,-,-,-,-,-,-,-,-,-,-,5.194,4,-,-,3,-,7,2,-,-,-,-,-,-,-,-,-,-,-,-,-,-,-,-,-,-,-
  Malasia,-,-,-,-,-,-,-,-,-,-,991,361,5.447,16.831,16.463,9.729,11.530,9.415,9.969,9.464,-,-,-,-,-,-,-,-,-,-,-,-,-,-,-,-,-,-
  Mongolia,684,1.437,726,1.144,994,1.609,469,-,-,-,16,-,3,1,-,-,1,-,-,-,-,-,-,-,-,-,-,-,-,-,-,-,-,-,-,-,-,-
  Sri Lanka,-,-,-,-,-,-,-,S,-,-,-,1,79,21,573,4,105,15,26,22,-,-,-,-,-,-,-,-,-,-,-,-,-,-,-,-,-,-
  Singapur,-,93,607,2.462,185,42,220,-,-,-,1.079,2.845,3.193,4.106,4.352,3.216,4.747,4.771,44.123,7.952,6.493,3.104,3.409,7.578,3.224,3.570,7.123,4.648,3.856,3.217,2.058,2.829,4.777,3.033,2.281,682,1.696,534
  Siria,-,-,-,-,-,-,-,32.254,-,-,-,-,17,272,586,395,211,2,138,9,-,296,1.408,394,118,609,3.160,470,200, -,1,-,-,-,1,21,43,68
  Taiwán,989,-,-,-,-,-,-,-,205,190,10.158,2.491,8.409,11.334,15.317,18.146,14.453,12.989,14.054,14.554,-,-,-,-,-,-,-,-,-,-,-,-,-,-,-,-,-,-
  Turquía,66,-,-,12,-,-,-,-,-,58,7.070,18.534,1.087,2.597,2.312,4.369,7.243,19.771,5.078,6.143,5.656,9.694,41.652,37.769,14.022,29.306,24.868,20.574,23.697,24.379,22.599,20.936,35.652,50.362,64.571,90.362,87.644,128.484
  Viet Nam,21.879,14.376,17.118,8.747,20.724,17.404,3.904,15.820,43.656,44.365,67.920,81.193,68.188,8.017,53.843,48.928,59.137,69.051,80.572,146.663,251.787,190.392,281.430,514.342,276.049,266.260,308.747,190.459,187.588,241.931,247.493,269.920,279.641,374.039,276.624,191.225,299.447,218.853
  Otros,-,-,-,358,867,-,477,-,11.750,35.338,10.845,48.129,58.621,123.316,95.821,98.878,106.361,76.545,90.949,100.699,59.363,87.292,86.389,133.919,85.363,36.689,60.873,53.826,65.938,58.760,77.380,97.188,70.053,86.832,82.657,96.470,109.138,267.108
 África,23.791,17.699,29.941,12.107,28.720,32.042,31.222,10.752,11.625,8.772,26.845,42.638,62.415,101.546,24.323,24.597,20.065,10.201,86.130,69.905,147.739,235.792,239.822,287.605,176.919,222.423,328.128,352.180,355.557,307.420,211.414,264.443,328.420,428.886,261.231,137.176,385.061,48.341
  Angola,2.682,861,4.016,-,-,-,-,-,-,-,-,-,-,-,-,38,-,1,1,-,-,-,20, -, -,3,7, -,2, -,-,1.939,2.927,-,-,70,9.624,5.909
  Argelia,14.816,763,-,-,-,-,-,5,-,-,3.039,120,-,-,-,24,35,14,71.977,64.001,142.120,227.955,225.469,243.698,169.163,213.271,308.756,330.979,307.606,292.271,193.660,251.726,294.945,372.086,221.488,118.011,277.389,-
  Cabo Verde,-,-,-,-,-,-,-,363,-,-,-,                 -,1,1,13,165,142,138,210,1,-,-,-,-,-,-,-,-,-,-,-,-,-,-,-,-,-,-
"  Congo, República del ",341,163,173,-,1.179,700,-,-,-,1,-,                 -,1.514,1.831,1.849,-,-,-,3,1,-,-,-,-,-,-,-,-,-,-,-,-,-,-,-,-,-,-
  Costa de Marfil,-,-,-,-,-,-,-,-,-,-,-,-,-,-,-,-,-,-,-,-,-,28,-, -, -, -,64, -, -, -, -, -, -, -, -, -, -, -
  Ghana,-,-,-,4.480,3.989,16.530,24.569,5.729,-,-,-,63,3,535,-,36,-,-,559,-,-,-,-,-,-,-,-,-,-,-,-,-,-,-,-,-,-,-
  Libia,-,-,-,-,-,-,-,-,-,-,-,-,-,10.023,-,-,1,-,813,-,-,25,4.163,-,-,-,1.699,-,-,-,-,-,-,-,-,-,-,-
  Marruecos,-,-,-,-,-,-,-,-,-,-,-,5,41,1.127,1.665,20,47,351,280,230,587,4.339,5.854,37.933,2.067,3.566,3.339,6.365,10.481,7.294,714,1.244,7.494,9.688,368,682,312,1.377
  Mozambique,-,-,123,142,187,-,1.170,527,332,428,469,700,94,522,50,332,130,-,-,-,-,-,-,-,-,-,-,-,-,-,-,-,-,,,,,
  Nigeria,-,-,-,-,-,-,-,-,-,-,-,-,-,-,-,-,-,-,-,-,-,-,1,2.140,2.540,1.240, -,-,0, -, -,14,-,3.831,-,-,12.416,-
  República Árabe de Egipto,260,-,3,-,-,-,-,-,365,-,-,-,220,3.896,850,571,1.164,511,3.729,3.435,-,-,-,-,-,-,-,-,-,-,-,-,-,,,,,
  Sudáfrica,…,…,…,…,…,…,…,…,…,…,…,…,…,…,…,…,…,…,…,…,697,629,365,723,398,604,2.960,11.442,18.693,4.630,4.947,6.277,17.879,6.085,1.470,4.223,6.057,11.305
  Túnez,5.692,8.646,9.964,820,3.571,5.282,5.483,4.048,10.021,8.090,21.444,22.757,11.785,13.151,12.069,15.902,15.035,7.666,5.555,22,-,-,-,-,-,-,-,-,-,-,-,-,-,,,,,
  Otros,-,7.266,15.662,6.665,19.794,9.530,-,80,907,253,1.893,18.993,48.757,70.460,7.827,7.509,3.511,1.520,3.003,2.215,4.335,2.816,3.950,3.111,2.751,3.739,13.002,3.394,18.775,3.225,12.093,3.243,5.175,37.196,37.905,14.190,79.264,29.750
 América,379.536,297.435,294.346,360.454,515.707,444.945,335.736,545.453,891.258,890.253,1.441.289,1.760.453,1.876.385,1.612.312,1.769.771,2.163.438,2.145.006,1.827.919,2.029.826,2.835.297,3.872.412,4.251.053,4.525.129,7.772.878,4.834.028,6.383.887,8.695.640,8.667.338,8.815.119,7.856.614,5.353.954,3.996.900,4.221.570,5.125.857,4.000.100,2.770.102,3.178.350,4.211.505
  Antigua y Barbuda,-,-,-,-,-,-,-,-,1.941,6.343,3.634,2.177,7.635,84,1.195,540,6,11,7,24,-,-,-,-,-,-,-,-,-,-,-,-,-,-,-,-,-,-
  Antillas Holandesas,-,-,-,-,-,-,153,1.000,56.081,128.705,227.449,326.070,205.437,74.397,84.312,25.788,12.441,2.419,43.365,77.743,27.897,660,882,698,250,38.948,149.983,29.823,1.240.542,94.143,26.956,-,4,-,1,-,1.055,-
  Argentina,193.339,162.250,124.339,127.506,179.145,125.986,82.250,55.249,65.146,53.718,77.639,103.418,182.369,108.827,129.938,73.421,77.887,40.094,43.734,116.415,158.342,110.531,146.036,125.305,120.161,129.110,148.613,119.539,370.520,335.752,369.281,421.061,255.045,312.050,349.855,403.917,461.593,347.514
  Bahamas,63,-,-,-,-,-,-,65,3.560,12.896,438,18.185,8.843,23.486,21.426,45.403,8.425,8.693,17.558,-,-,-,-,-,-,-,-,-,-,-,-,-,-,-,-,-,-,-
  Bermudas,-,-,353,723,-,-,-,171.116,6.798,1.507,-,-,1,4,-,-,-,-,2,-,-,-,-,-,-,-,-,-,-,-,-,-,-,-,-,-,-,-
  Bolivia,3,2,-,-,-,-,-,-,-,-,-,-,-,1,-,-,30,10,50,44,71,2,261,451,471,2.323,4,132,1.919,268,334,367,1.603,943,5.665,7.988,670,453
  Brasil,24,4,2.148,18.945,61.750,81.200,54.950,10.810,21.425,15.681,33.830,43.646,44.784,63.630,75.761,130.129,156.483,110.596,107.771,176.546,312.484,428.255,382.087,600.141,507.875,444.354,643.863,648.177,614.185,587.274,641.714,441.121,423.682,447.886,337.670,261.614,228.244,377.815
  Canadá,58.802,53.407,32.992,28.553,37.191,61.446,60.120,111.109,76.114,83.067,220.294,205.977,264.537,321.046,339.642,311.074,364.130,251.929,240.174,268.192,339.855,351.604,436.723,655.778,309.861,331.398,478.784,387.253,450.646,408.346,365.990,277.273,322.555,338.116,263.786,199.484,212.256,210.837
  Chile,-,-,-,-,-,-,6.977,139,834,8.581,15.707,22.847,22.864,14.967,31.819,43.429,41.943,46.369,57.217,77.012,60.695,56.177,74.522,73.990,53.000,44.971,55.985,34.901,35.762,45.797,55.238,46.073,44.003,46.957,54.460,12.151,12.357,102.276
  Colombia,2.415,2.347,1.001,2.611,22.872,15.225,7.750,12.568,61.522,36.132,17.388,61.346,25.347,30.312,36.978,85.156,24.879,77.162,98.327,56.430,82.611,56.968,71.674,69.005,49.939,46.681,68.124,51.462,57.499,54.949,60.769,70.059,64.900,83.553,67.881,38.360,41.853,40.555
  Costa Rica,-,-,154,341,683,-,550,-,5,7,150,742,3.064,3.947,6.743,8.549,11.437,10.599,13.169,12.871,11.556,8.719,12.282,21.018,14.548,16.582,27.053,34.097,39.748,35.325,22.314,23.196,20.023,22.376,22.196,16.114,14.629,8.553
  Dominica,-,-,-,-,-,-,125,-,110,-,6,51,447,340,220,233,5,220,52,47,-,-,-,-,-,-,-,-,-,-,-,-,-,-,-,-,-,-
  Ecuador,-,-,-,-,10.269,2.200,-,5.696,96.671,20.576,33.250,43.713,6.138,13.589,16.254,11.002,11.043,8.352,8.220,10.970,13.450,10.217,15.258,18.776,16.805,15.564,14.781,22.929,24.022,40.890,23.029,18.907,18.923,26.369,25.522,11.930,10.150,9.524
  Estados Unidos de América,-,-,-,-,-,-,-,                 -,-,-,-,-,-,-,-,-,4.414,173.615,327.252,443.900,476.311,483.591,581.657,962.767,597.938,406.118,433.795,508.656,401.810,314.225,180.495,261.798,306.602,271.281,308.310,196.150,370.986,391.296
  El Salvador,-,-,-,-,-,325,-,4,-,1,-,53,608,433,525,1.082,895,1.785,1.524,4.250,4.852,7.698,9.242,13.591,8.217,5.719,10.791,7.335,12.096,12.465,12.895,12.183,16.184,21.201,10.817,7.018,4.768,7.866
  Guadalupe,-,-,-,-,-,-,-,-,-,-,850,6.763,677,202,21,9,-,10,25,63,-,-,-,-,-,-,-,-,-,-,-,-,-,-,-,-,-,-
  Guatemala,-,-,-,-,-,-,,,-,190,548,1.870,6.521,6.409,6.835,8.878,13.451,10.711,12.483,21.800,12.200,16.706,17.358,30.911,11.962,13.403,17.883,15.321,16.444,21.991,22.321,21.911,51.739,39.320,26.671,10.123,12.505,13.815
  Guyana,1.318,1.867,4.728,1.496,3.165,100,650,388,-,-,-,76,1.711,2.681,1.036,1.337,1.241,960,716,175,833,464,304,1.281,298,492,390, -,35,347,67, -,8.449,23.694,11.959,2,278,404
  Haití,-,-,-,-,-,-,-,-,-,-,-,-,-,-,-,34,22,7,350,43,336,390,1,80,443, -,3,773,0,4, -,1,7,6,7,3,9,17
  Honduras,-,-,-,-,-,1.625,950,71,722,138,42,295,2.810,2.926,3.443,2.157,1.523,1.034,1.845,1.208,1.741,2.185,4.934,953,1.182,369,1.199,567,562,1.291,9.831,8.662,21.674,7.595,3.160,214,42,484
  Islas Caimán,-,-,-,-,3.214,-,-,-,-,5.998,204,136,3,134,58,68,9,3,1,-,-,-,-,-,-,-,-,-,-,-,-,-,-,-,-,-,-,-
  Islas Vírgenes (RU),-,-,-,-,-,-,-,-,5,391,1.232,1.131,254,339,542,377,308,202,7,2,-,-,-,-,-,-,-,-,-,-,-,-,-,-,-,-,-,-
  Jamaica,-,-,-,-,-,-,-,-,4.893,248,231,1.617,1.411,2.146,8.797,2.024,2.577,3.577,6.391,2.877,2.279,6.155,7.866,9.620,4.299,4.520,9.873,4.336,3.603,4.166,965,186,930,8.814,2.622,1.169,1.184,3.105
  Martinica,-,-,-,-,-,-,-,-,-,-,5,138,135,1,83,59,105,112,107,2.192,-,-,-,-,-,-,-,-,-,-,-,-,-,-,-,-,-,-
  México,77.125,29.708,72.064,108.022,81.349,81.590,61.016,87.385,306.611,250.219,396.510,342.223,366.285,342.796,321.772,298.527,289.543,204.122,215.949,243.758,269.502,235.046,204.703,369.144,322.831,359.970,449.711,486.694,507.652,442.812,459.722,422.389,446.033,513.265,450.837,323.803,361.362,347.801
  Nicaragua,8.572,11.357,11.328,10.757,12.624,8.183,2.694,3.571,437,2.231,4.756,2.568,2.002,4.687,4.335,4.001,3.218,2.479,931,673,941,1.067,945,7.420,2.384,1.290,2.968,1.217,2.636,2.084,4.955,950,1.354,1.303,5.393,7.279,3.913,8.677
  Panamá,28.995,21.384,17.921,14.870,11.509,5.925,4.450,8.201,19.926,37.294,108.454,169.251,42.637,29.276,19.727,18.267,21.646,17.582,18.695,22.545,19.597,28.856,51.862,94.758,63.950,60.388,87.254,75.206,100.583,56.730,62.111,61.320,65.113,63.802,47.150,27.641,34.746,51.370
  Perú,2.968,3.708,3.602,8.381,18.976,6.877,1.530,894,340,755,4.875,353,16.789,2.555,2.589,3.101,3.960,1.237,3.209,3.171,4.041,4.046,3.503,7.241,11.756,8.206,14.677,12.644,14.398,8.300,7.885,4.861,7.729,14.111,14.172,9.967,7.462,7.828
  Puerto Rico,-,-,-,-,-,-,-,-,-,-,-,2,63,73,12,68,414,836,935,1.230,-,-,-,-,-,-,-,-,-,-,-,-,-,-,-,-,-,-
  República Bolivariana de Venezuela,5.790,10.152,19.134,28.943,56.388,34.341,38.043,70.062,146.240,198.528,236.654,333.471,432.660,385.570,451.451,898.393,951.522,725.379,684.106,1.142.740,1.863.651,2.232.423,2.243.242,4.473.223,2.607.641,4.301.862,5.902.075,6.078.898,4.801.749,5.188.779,2.794.300,1.582.601,1.838.583,2.641.778,1.770.608,1.062.114,1.245.860,2.013.489
  República Dominicana,-,-,-,-,-,-,125,4.403,5.147,3.741,6.507,18.169,18.123,19.310,24.309,20.903,16.427,15.701,16.658,29.314,24.067,34.219,50.840,83.006,34.311,45.059,53.711,47.074,54.935,42.407,54.755,68.897,43.850,46.919,43.024,23.073,18.635,21.416
  Surinam,…,…,…,…,…,…,…,…,…,…,…,…,…,…,…,…,…,…,…,…,94,1.224,1.153,1.426,1.285,884,304,526,547,550,2.295,1.389,796,617,840,3.425,112,84
  Trinidad y Tobago,-,-,-,-,-,-,-,635,7.200,12.496,39.225,39.134,20.561,25.031,57.497,36.392,23.729,40.383,34.898,26.338,24.730,25.878,19.463,49.721,31.624,31.223,45.030,42.852,34.703,51.298,43.161,103.133,94.812,47.288,45.044,19.606,45.059,57.896
  Turcas y Caicos,-,-,-,-,-,-,-,-,-,-,-,-,-,-,-,-,-,-,-,-,-,-,-,-,-,-,-,-,-,-,-,-,-,-,-,-,-,-
  Uruguay,-,1.236,4.582,9.301,15.487,19.600,12.100,2.072,9.517,9.820,1.490,280,1.623,6.171,5.331,6.001,1.848,403,1.593,8.306,31.892,35.982,53.659,67.622,49.279,54.917,65.680,50.112,19.344,25.633,28.472,36.050,57.570,65.433,71.863,84.164,27.894,74.713
  Otros,122,13,-,5,1.085,322,1.303,15,13,990,9.921,14.751,190.046,126.942,117.120,127.036,99.445,71.327,72.505,84.418,128.384,111.990,134.672,34.952,11.718,19.536,13.106,6.814,9.179,80.788,104.101,112.512,109.408,81.181,60.589,42.796,60.726,113.720
 Oceanía,8.458,7.591,562,671,687,22.810,45.647,36.124,5.916,15.186,9.628,32.842,36.128,29.943,12.977,4.497,61.156,58.756,49.660,54.533,69.726,63.823,86.207,128.146,12.570,47.948,74.267,41.616,43.959,74.935,71.844,34.615,38.222,24.762,38.506,69.731,20.166,59.037
  Australia,8.458,2.960,562,671,687,556,-,92,427,6,4,10.631,1.779,986,1.344,2.021,4.892,19.292,8.920,2.439,8.561,7.580,11.793,8.852,4.700,7.707,8.109,11.800,4.782,5.595,4.809,5.884,1.695,1.591,957,3.202,1.056,2.213
  Nueva Zelandia,-,4.631,-,-,-,22.254,45.647,36.032,5.489,15.180,9.624,22.168,33.554,28.900,11.622,2.430,55.450,39.440,40.710,52.070,53.725,55.967,74.104,105.003,7.870,28.750,65.918,29.801,39.003,69.330,66.799,28.730,36.219,22.855,37.109,66.470,18.744,56.762
  Vanuatú,-,-,-,-,-,-,-,-,-,-,-,-,-,-,-,-,-,-,-,-,7.436,-,-,14.101,-,11.395,-,-,-,-,-,-,-,-,-,-,-,-
  Otros,-,-,-,-,-,-,-,-,-,-,-,43,795,57,11,46,814,24,30,24,4,276,310,14.291, -,11.491,240,15,174,10,237,1,308,315,440,59,366,62
,,,,,,,,,,,,,,,,,,,,,,,,,,,,,,,,,,,,,,
,,,,,,,,,,,,,,,,,,,,,,,,,,,,,,,,,,,,,,
A partir del año 2002 incluye donaciones,,,,,,,,,,,,,,,,,,,,,,,,,,,,,,,,,,,,,,
